Smoothie,Flexi,CakeCalculator,PathGenerator,LDWPA,HWGBM
0.744881335,0.964202317,0.992875995,0.998521414,0.999999938,1.000000
0.5,0.5,0.5,0.5,0.5,0.5
