ModelOne,ModelTwo,ModelThree,ModelFour,ModelFive
0.097847,0.259295,0.456947,0.677104,1.0
12672,12672,49536,74112,41344