ModelOne,ModelTwo,ModelThree,ModelFour,ModelFive
0.097847,0.259295,0.456947,0.677104,1.0
512,128,512,256,512