ModelOne,ModelTwo,ModelThree,ModelFour,ModelFive,ModelSix
0.744881335,0.964202317,0.992875995,0.998521414,0.999999938,1.000000
128,128,256,256,256,256
